﻿<?xml version="1.0" encoding="UTF-8"?>
<!-- Zeile, die angibt, welche Version von XML verwendet wird und welcher Zeichensatz. -->
<!-- Test erfolgt nur für vorher erfolgreich validierte xmldateien -->
<!-- XML-FILE Aufbau
	Dieser XML Quelltext entspricht bestimmten Minimalanforderungen, die ihn wohlgeformt sein lassen. 
		1) Am Anfang muss eine Zeile stehen, die die XML Version angibt. Die Angabe eines Zeichensatzes ist optional.
		2) Das gesamte XML Dokument muss von einem Wurzelement (ähnlich dem HTML Tag in HTML) umklammert sein. 
		3) Jeder öffnende Tag braucht einen schliessenden Tag ( HTML Tags wie <br> oder <p> oder <hr> sind nicht möglich.  
		4) Die Elemente (Tags) müssen richtig verschachtelt sein. Bevor der äußere Tag geschlossen wird, muss der innere Tag geschlossen sein. 
		5) Elemente (Tags) sind case sensitiv. <Titel> öffnend und </titel> schliessend ist falsch.  
		6) Attribute müssen in Anführungstrichen stehen. 
		7) Elemente (Tags) dürfen nicht mit einer Zahl beginnen: 1Autor ist falsch. 
		8) Elemente (Tags) dürfen keine Leerzeichen enthalten A utor ist falsch (Unterstriche, also _, sind erlaubt). 
		9) Elemente (Tags) müssen aus Zahlen oder Buchstaben bestehen. (Umlaute und scharfes s sind möglich).  
-->
<!-- Wurzelement für alles(Anfang) -->
<IS24ImmobilienTransfer 
	xmlns="http://www.immobilienscout24.de/immobilientransfer" 
	xmlns:xsi="http://www.w3.org/2001/XMLSchema-instance" 
	xsi:schemaLocation="http://www.immobilienscout24.de/immobilientransfer is24immotransfer.xsd" 
	ErstellerSoftware="Software" 
	ErstellerSoftwareVersion="Software-House" 
	EmailBeiFehler="tec_support_meine_anwendung@werweiwas.de"
>
	<!--Angabe zum IS24-Anbieter Anfang-->
	<Anbieter ScoutKundenID="30302">
		<!-- Der Immotyp Anfang (Bsp.: Wohnung Miete)-->
		<!-- Elemente zur Objektbeschreibung Anfang -->
		<WohnungMiete
			AnbieterObjektID="0815" 
			Ueberschrift="Schöne Wohnung" 
			Importmodus="importieren" 
			Wohnflaeche="100.00" 
			Zimmer="4.00" 
			Adressdruck="true" 
			AnzahlBadezimmer="2" 
			AnzahlSchlafzimmer="2" 
			Aufzug="true" 
			BalkonTerrasse="true" 
			Baujahr="1869" 
			BetreutesWohnen="true" 
			Einbaukueche="true" 
			Etage="2" 
			Etagenzahl="6" 
			Foerderung="true" 
			FreiAb="sofort" 
			GartenBenutzung="true" 
			GruppierungsID="1" 
			Haustiere="nachVereinbarung" 
			Heizungsart="Zentralheizung" 
			Nutzflaeche="22" 
			Objektzustand="Gepflegt" 
			Parkplatz="true" 
			Provision="3.8% zzg. 16%MSt" 
			Rollstuhlgerecht="true" 
			StatusHP="aktiv" 
			StatusIS24="aktiv" 
			StatusVBM="aktiv" 
			Waehrung="EUR" 
			WohnungKategorie="Etagenwohnung"
		>
		<!-- Elemente zur Objektbeschreibung Ende -->
			<!-- Die Objektadresse Anfang -->
			<Adresse 
				Strasse="Magazin Str." 
				Hausnummer="15-16" 
				Ort="Berlin" 
				Postleitzahl="10179" 
				Laenderkennzeichen="DEU"
			/>
			<!-- Die Objektadresse Ende -->
			<!-- Die Kontaktperson zum Objekt Anfang -->
			<Kontaktperson 
				Anrede="Herr" 
				Vorname="Martin" 
				Nachname="Mustermann" 
				Strasse="Musterstr." 
				Hausnummer="22" 
				Ort="Musterhausen" 
				Postleitzahl="12345" 
				Laenderkennzeichen="DEU" 
				Telefon="0123-43627272872" 
				Mobiltelefon="0179-534538729238" 
				Telefax="0123-43276728298" 
				Homepage="www.makler-wer.de" 
				EMail="info@wer.de"
			/>
			<!-- Die Kontaktperson zum Objekt Ende -->
			<!-- Freitextbeispiel zum Objekt -->
			<SonstigeAngaben>
				Sonstige Angaben
			</SonstigeAngaben>
			
			<!-- Multimediaanhang 1 Anfang -->
			<MultimediaAnhang 
				AnhangArt="video" 
				Titel="Video" 
				Dateityp=".MPG" 
				Abspieldauer="22" 
				Dateiname="video1.mgg"
			/>
			<!-- Multimediaanhang 1 Ende -->
			<MultimediaAnhang AnhangArt="bild" Dateiname="bild1.jgg" Dateityp=".JPG" Titel="Haus"/>
			<MultimediaAnhang AnhangArt="link" Dateiname="http://www.more_infos.de" Titel="Mehr Infos"/>
			<!-- Preisangaben zum Objekt Anfang -->
			<Mietpreise Kaltmiete="1234.33" Heizkosten="200.30" HeizkostenInWarmmieteEnthalten="true" Kaution="3 Moanatsmieten" Nebenkosten="250.33" StellplatzMiete="160.00" Warmmiete="2223.56"/>
			<!-- Preisangaben zum Objekt Ende -->
		</WohnungMiete>
		<!-- Der Immotyp Ende -->
	</Anbieter>
	<!-- Angabe zum IS24-Anbieter Ende -->
</IS24ImmobilienTransfer>
<!-- Wurzelement alle Ende -->
