<?xml version="1.0" encoding="UTF-8"?>
<!-- 
Diese sind nur Beispiele die nicht alle Möglichkeiten zur Objektbeschreibung enthalten.
Siehe XSD für weitere Beschreibungsmöglichkeiten bzw. Vermarktungsarten.
 -->
<IS24ImmobilienTransfer xmlns="http://www.immobilienscout24.de/immobilientransfer" xmlns:xsi="http://www.w3.org/2001/XMLSchema-instance" xsi:schemaLocation="http://www.immobilienscout24.de/immobilientransfer is24immotransfer.xsd" EmailBeiFehler="schnittstellen@is24.de" ErstellerSoftware="SUPER-Makler" ErstellerSoftwareVersion="HOUSE-OF-CREAKTIV">
	<Anbieter ScoutKundenID="IS24_Patricia">
		<WohnungMiete AnbieterObjektID="WHG-MIETE" Ueberschrift="WHG-MIETE" Wohnflaeche="30" Zimmer="3.0" Adressdruck="false" Aufzug="true" BalkonTerrasse="true" Provisionspflichtig="true" Provision="2,2 MM">
			<Adresse Strasse="Magazinstr." Hausnummer="15-16" Postleitzahl="10179" Ort="Berlin" Laenderkennzeichen="DEU"/>
			<Kontaktperson Anrede="Herr" Vorname="Martin" Nachname="Mustermann" Strasse="Musterstr." Hausnummer="22" Ort="Musterhausen" Postleitzahl="12345" Laenderkennzeichen="DEU" Telefon="0123-43627272872" Mobiltelefon="0179-534538729238" Telefax="0123-43276728298" Homepage="www.makler-wer.de" EMail="info@wer.de"/>
			<MultimediaAnhang AnhangArt="video" Titel="Video" Dateityp=".MPG" Abspieldauer="22" Dateiname="video1.mgg"/>
			<Mietpreise Kaltmiete="3456.00"/>
		</WohnungMiete>
		<WohnungKauf AnbieterObjektID="WHG-KAUF" Ueberschrift="WHG-KAUF" Wohnflaeche="34356.44" Zimmer="34" Provisionspflichtig="true" Provision="2,2% des Kaufpreises">
			<Adresse Strasse="Magazinstr." Hausnummer="15-16" Postleitzahl="10179" Ort="Berlin" Laenderkennzeichen="DEU"/>
			<Kontaktperson Anrede="Herr" Vorname="Martin" Nachname="Mustermann" Strasse="Musterstr." Hausnummer="22" Ort="Musterhausen" Postleitzahl="12345" Laenderkennzeichen="DEU" Telefon="0123-43627272872" Mobiltelefon="0179-534538729238" Telefax="0123-43276728298" Homepage="www.makler-wer.de" EMail="info@wer.de"/>
			<Kaufpreise Kaufpreis="24578383.00" MieteinnahmenProMonat="3455" StellplatzKaufpreis="435353"/>
		</WohnungKauf>
		<HausMiete AnbieterObjektID="HAUS-MIETE" Ueberschrift="HAUS-MIETE" Wohnflaeche="345.34" Zimmer="4" Provisionspflichtig="true" Provision="2,2 MM">
			<Adresse Strasse="Magazinstr." Hausnummer="15-16" Postleitzahl="10179" Ort="Berlin" Laenderkennzeichen="DEU"/>
			<Kontaktperson Anrede="Herr" Vorname="Martin" Nachname="Mustermann" Strasse="Musterstr." Hausnummer="22" Ort="Musterhausen" Postleitzahl="12345" Laenderkennzeichen="DEU" Telefon="0123-43627272872" Mobiltelefon="0179-534538729238" Telefax="0123-43276728298" Homepage="www.makler-wer.de" EMail="info@wer.de"/>
			<Mietpreise Kaltmiete="4657"/>
		</HausMiete>
		<HausKauf AnbieterObjektID="HAUS-KAUF" Ueberschrift="HAUS-KAUF" Wohnflaeche="590" Zimmer="4" Provisionspflichtig="false">
			<Adresse Strasse="Magazinstr." Hausnummer="15-16" Postleitzahl="10179" Ort="Berlin" Laenderkennzeichen="DEU"/>
			<Kontaktperson Anrede="Herr" Vorname="Martin" Nachname="Mustermann" Strasse="Musterstr." Hausnummer="22" Ort="Musterhausen" Postleitzahl="12345" Laenderkennzeichen="DEU" Telefon="0123-43627272872" Mobiltelefon="0179-534538729238" Telefax="0123-43276728298" Homepage="www.makler-wer.de" EMail="info@wer.de"/>
			<Kaufpreise Kaufpreis="908345"/>
		</HausKauf>
		<WAZ AnbieterObjektID="WAZ" Ueberschrift="WAZ" WazKategorie="Appartment" Wohnflaeche="345.23" Zimmer="3" FreiAb="2005-03-23" Provisionspflichtig="false">
			<Adresse Strasse="Magazinstr." Hausnummer="15-16" Postleitzahl="10179" Ort="Berlin" Laenderkennzeichen="DEU"/>
			<Kontaktperson Anrede="Herr" Vorname="Martin" Nachname="Mustermann" Strasse="Musterstr." Hausnummer="22" Ort="Musterhausen" Postleitzahl="12345" Laenderkennzeichen="DEU" Telefon="0123-43627272872" Mobiltelefon="0179-534538729238" Telefax="0123-43276728298" Homepage="www.makler-wer.de" EMail="info@wer.de"/>
			<Pauschalmiete MietePauschal="345" MietePro="Tag"/>
		</WAZ>
		<BueroPraxis AnbieterObjektID="BUERO-MIETE" Ueberschrift="BUERO" Gesamtflaeche="2334" BueroPraxisFlaeche="45566" Provisionspflichtig="false">
			<Adresse Strasse="Magazinstr." Hausnummer="15-16" Postleitzahl="10179" Ort="Berlin" Laenderkennzeichen="DEU"/>
			<Kontaktperson Anrede="Herr" Vorname="Martin" Nachname="Mustermann" Strasse="Musterstr." Hausnummer="22" Ort="Musterhausen" Postleitzahl="12345" Laenderkennzeichen="DEU" Telefon="0123-43627272872" Mobiltelefon="0179-534538729238" Telefax="0123-43276728298" Homepage="www.makler-wer.de" EMail="info@wer.de"/>
			<Vermarktung>
				<Miete Kaltmiete="45463"/>
			</Vermarktung>
		</BueroPraxis>
		<Einzelhandel AnbieterObjektID="EZH" Ueberschrift="EZH-MIETE" Gesamtflaeche="5674" Verkaufsflaeche="5373" Provisionspflichtig="false">
			<Adresse Strasse="Magazinstr." Hausnummer="15-16" Postleitzahl="10179" Ort="Berlin" Laenderkennzeichen="DEU"/>
			<Kontaktperson Anrede="Herr" Vorname="Martin" Nachname="Mustermann" Strasse="Musterstr." Hausnummer="22" Ort="Musterhausen" Postleitzahl="12345" Laenderkennzeichen="DEU" Telefon="0123-43627272872" Mobiltelefon="0179-534538729238" Telefax="0123-43276728298" Homepage="www.makler-wer.de" EMail="info@wer.de"/>
			<Vermarktung>
				<Miete Kaltmiete="5463"/>
			</Vermarktung>
		</Einzelhandel>
		<Gastronomie AnbieterObjektID="GASTOMONIE-MIETE" Ueberschrift="GASTOMONIE-MIETE" Gesamtflaeche="45676" GastraumFlaeche="3344" Objektkategorie2="Caffee" Provisionspflichtig="false">
			<Adresse Strasse="Magazinstr." Hausnummer="15-16" Postleitzahl="10179" Ort="Berlin" Laenderkennzeichen="DEU"/>
			<Kontaktperson Anrede="Herr" Vorname="Martin" Nachname="Mustermann" Strasse="Musterstr." Hausnummer="22" Ort="Musterhausen" Postleitzahl="12345" Laenderkennzeichen="DEU" Telefon="0123-43627272872" Mobiltelefon="0179-534538729238" Telefax="0123-43276728298" Homepage="www.makler-wer.de" EMail="info@wer.de"/>
			<Vermarktung Preis="3456787">
				<Miete/>
			</Vermarktung>
		</Gastronomie>
		<HalleProduktion AnbieterObjektID="HALLE-MIETE" Ueberschrift="HALLE-MIETE" Gesamtflaeche="345" LagerProduktionsFlaeche="23434" Provisionspflichtig="false">
			<Adresse Strasse="Magazinstr." Hausnummer="15-16" Postleitzahl="10179" Ort="Berlin" Laenderkennzeichen="DEU"/>
			<Kontaktperson Anrede="Herr" Vorname="Martin" Nachname="Mustermann" Strasse="Musterstr." Hausnummer="22" Ort="Musterhausen" Postleitzahl="12345" Laenderkennzeichen="DEU" Telefon="0123-43627272872" Mobiltelefon="0179-534538729238" Telefax="0123-43276728298" Homepage="www.makler-wer.de" EMail="info@wer.de"/>
			<Vermarktung>
				<Miete Kaltmiete="23456"/>
			</Vermarktung>
		</HalleProduktion>
		<Anlageobjekt AnbieterObjektID="ANLAGE" Ueberschrift="ANLAGE" Gesamtflaeche="3456" Objektkategorie2="Einfamilienhaus" VermietbareFlaeche="34356" Kaufpreis="6536363763" Provisionspflichtig="false">
			<Adresse Strasse="Magazinstr." Hausnummer="15-16" Postleitzahl="10179" Ort="Berlin" Laenderkennzeichen="DEU"/>
			<Kontaktperson Anrede="Herr" Vorname="Martin" Nachname="Mustermann" Strasse="Musterstr." Hausnummer="22" Ort="Musterhausen" Postleitzahl="12345" Laenderkennzeichen="DEU" Telefon="0123-43627272872" Mobiltelefon="0179-534538729238" Telefax="0123-43276728298" Homepage="www.makler-wer.de" EMail="info@wer.de"/>
		</Anlageobjekt>
	    <Zwangsversteigerung AnbieterObjektID="ZWANGSVERSTEIGERUNG" Gesamtflaeche="100.0" Ueberschrift="ZWANGSVERSTEIGERUNG">
			<Adresse Postleitzahl="10243" Ort="Berlin" />
			<Aenderungsdatum>1967-10-13</Aenderungsdatum>
			<Amtsgericht BundeslandCode="DE-BW" Telefon="030 12 34 56 78" Aktenzeichen="223/456">Stuttgart</Amtsgericht>
			<Aufhebungsdatum>1967-08-13</Aufhebungsdatum>
			<Eigentuemer>Mustermann</Eigentuemer>
			<Erfassungsdatum>1967-08-13</Erfassungsdatum>
			<Grundbuchblattnummer>Stuttgart 12345</Grundbuchblattnummer>
			<Objektart>Eigentumswohnung</Objektart>
			<Preis>1.0</Preis>
			<Versteigerungstermin>2009-08-15</Versteigerungstermin>
	    </Zwangsversteigerung>		
		<SonstigeGewerbe AnbieterObjektID="SONSTIGES-GEW-MIETE" Ueberschrift="SONSTIGES-GEW-MIETE" Gesamtflaeche="3445656" Objektkategorie2="Gewerbeflaeche" Hauptflaeche="23344">
			<Adresse Strasse="Magazinstr." Hausnummer="15-16" Postleitzahl="10179" Ort="Berlin" Laenderkennzeichen="DEU"/>
			<Kontaktperson Anrede="Herr" Vorname="Martin" Nachname="Mustermann" Strasse="Musterstr." Hausnummer="22" Ort="Musterhausen" Postleitzahl="12345" Laenderkennzeichen="DEU" Telefon="0123-43627272872" Mobiltelefon="0179-534538729238" Telefax="0123-43276728298" Homepage="www.makler-wer.de" EMail="info@wer.de"/>
			<Vermarktung Preis="45656">
				<Miete/>
			</Vermarktung>
		</SonstigeGewerbe>
		<GrundstueckWohnenKauf AnbieterObjektID="GRD-WOHNEN-KAUF" Ueberschrift="GRD-WOHNEN-KAUF" GrundstuecksFlaeche="1234" Provisionspflichtig="false">
			<Adresse Postleitzahl="10179" Ort="Berlin"/>
			<Kontaktperson Anrede="Herr" Vorname="Martin" Nachname="Mustermann" Strasse="Musterstr." Hausnummer="22" Ort="Musterhausen" Postleitzahl="12345" Laenderkennzeichen="DEU" Telefon="0123-43627272872" Mobiltelefon="0179-534538729238" Telefax="0123-43276728298" Homepage="www.makler-wer.de" EMail="info@wer.de"/>
			<Vermarktung Preis="23445">
				<Kauf/>
			</Vermarktung>
		</GrundstueckWohnenKauf>
		<GrundstueckWohnenMiete AnbieterObjektID="GRD-WOHNEN-MIETE" Ueberschrift="GRD-WOHNEN-MIETE" GrundstuecksFlaeche="1234" Provisionspflichtig="false">
			<Adresse Postleitzahl="10179" Ort="Berlin"/>
			<Kontaktperson Anrede="Herr" Vorname="Martin" Nachname="Mustermann" Strasse="Musterstr." Hausnummer="22" Ort="Musterhausen" Postleitzahl="12345" Laenderkennzeichen="DEU" Telefon="0123-43627272872" Mobiltelefon="0179-534538729238" Telefax="0123-43276728298" Homepage="www.makler-wer.de" EMail="info@wer.de"/>
			<Vermarktung Preis="6666">
				<Miete/>
			</Vermarktung>
		</GrundstueckWohnenMiete>
		<GrundstueckGewerbe AnbieterObjektID="GRD-GEWERBE" Ueberschrift="GRD-GEWERBE" GrundstuecksFlaeche="1234" Provisionspflichtig="false">
			<Adresse Postleitzahl="10179" Ort="Berlin"/>
			<Kontaktperson Anrede="Herr" Vorname="Martin" Nachname="Mustermann" Strasse="Musterstr." Hausnummer="22" Ort="Musterhausen" Postleitzahl="12345" Laenderkennzeichen="DEU" Telefon="0123-43627272872" Mobiltelefon="0179-534538729238" Telefax="0123-43276728298" Homepage="www.makler-wer.de" EMail="info@wer.de"/>
			<Vermarktung Preis="23445">
				<Kauf/>
			</Vermarktung>
		</GrundstueckGewerbe>
		<GarageKauf AnbieterObjektID="GARAGE-KAUF" Ueberschrift="GARAGE-KAUF" Provisionspflichtig="false">
			<Adresse Strasse="Magazinstr." Hausnummer="15-16" Postleitzahl="10179" Ort="Berlin" Laenderkennzeichen="DEU"/>
			<Kontaktperson Anrede="Herr" Vorname="Martin" Nachname="Mustermann" Strasse="Musterstr." Hausnummer="22" Ort="Musterhausen" Postleitzahl="12345" Laenderkennzeichen="DEU" Telefon="0123-43627272872" Mobiltelefon="0179-534538729238" Telefax="0123-43276728298" Homepage="www.makler-wer.de" EMail="info@wer.de"/>
			<Kaufpreise Kaufpreis="24578"/>
		</GarageKauf>
		<GarageMiete AnbieterObjektID="GARAGE-MIETE" Ueberschrift="GARAGE-MIETE" Provisionspflichtig="true" Provision="2,2 MM">
			<Adresse Strasse="Magazinstr." Hausnummer="15-16" Postleitzahl="10179" Ort="Berlin" Laenderkennzeichen="DEU"/>
			<Kontaktperson Anrede="Herr" Vorname="Martin" Nachname="Mustermann" Strasse="Musterstr." Hausnummer="22" Ort="Musterhausen" Postleitzahl="12345" Laenderkennzeichen="DEU" Telefon="0123-43627272872" Mobiltelefon="0179-534538729238" Telefax="0123-43276728298" Homepage="www.makler-wer.de" EMail="info@wer.de"/>
			<MultimediaAnhang AnhangArt="video" Titel="Video" Dateityp=".MPG" Abspieldauer="22" Dateiname="video1.mgg"/>
			<Mietpreise Miete="45"/>
		</GarageMiete>
		<WGZimmer AnbieterObjektID="WG-ZIMMER" Importmodus="aktualisieren" Zimmerflaeche="35.74" FreiAb="2010-01-06" Ueberschrift="(19) WG-ZIMMER">
			<Adresse Strasse="Magazinstr." Hausnummer="15-16" Postleitzahl="10179" Ort="Berlin" Laenderkennzeichen="DEU"/>
			<Mietpreise Kaltmiete="76.33"/>
		</WGZimmer>	
		<TypenHaus AnbieterObjektID="TYPENHAUS" Ueberschrift="TYPENHAUS" Wohnflaeche="422.42" Zimmeranzahl="11" PreisAb="420000" />
	</Anbieter>
</IS24ImmobilienTransfer>
